{"cameraMode":{"drawMode":0,"name":"Shaded","section":"Shading Mode"},"sceneLighting":true,"audioPlay":false,"sceneViewState":{"m_AlwaysRefresh":false,"showFog":true,"showSkybox":true,"showFlares":true,"showImageEffects":true,"showParticleSystems":true,"showVisualEffectGraphs":true,"m_FxEnabled":true},"in2DMode":false,"pivot":{"x":1.6276755332946778,"y":0.8060390949249268,"z":3.300182342529297},"rotation":{"x":-0.16168001294136048,"y":0.7821088433265686,"z":-0.22685611248016358,"w":-0.5574097633361816},"size":3.0815887451171877,"orthographic":false}